USE betalytics_mock;

INSERT INTO team VALUES ('UTH', 'Utah', 'Jazz'),
('LAL', 'Los Angeles', 'Lakers'),
('SAN', 'San Antonio', 'Spurs'),
('MIN', 'Minnesota', 'Timberwolves'),
('NOP', 'New Orleans', 'Pelicans'),
('LAC', 'Los Angeles', 'Clippers'),
('BOS', 'Boston', 'Celtics'),
('OKC', 'Oklahoma City', 'Thunder'),
('TOR', 'Toronto', 'Raptors'),
('DAL', 'Dallas', 'Mavericks'),
('MIL', 'Milwaukee', 'Bucks'),
('MEM', 'Memphis', 'Grizzlies'),
('CLE', 'Cleveland', 'Cavaliers'),
('MIA', 'Miami', 'Heat'),
('BKN', 'Brooklyn', 'Nets'),
('CHA', 'Charlotte', 'Hornets'),
('HOU', 'Houston', 'Rockets'),
('ATL', 'Atlanta', 'Hawks'),
('ORL', 'Orlando', 'Magic'),
('GSW', 'Golden State', 'Warriors'),
('PHO', 'Phoenix', 'Suns'),
('PHI', 'Philadelphia', '76ers'),
('IND', 'Indiana', 'Pacers'),
('DEN', 'Denver', 'Nuggets'),
('DET', 'Detroit', 'Pistons'),
('SAC', 'Sacramento', 'Kings'),
('POR', 'Portland Trail', 'Blazers'),
('WAS', 'Washington', 'Wizards'),
('NYK', 'New York', 'Knicks'),
('CHI', 'Chicago', 'Bulls');

INSERT INTO player VALUES 
(408635,  "PHI", "Kyle", "Lowry",  "GUARD"),
(408619,  "PHO", "Thaddeus", "Young",  "FORWARD"),
(408589,  "MEM", "Jordan", "Goodwin",  "GUARD"),
(408520,  "CLE", "Zhaire", "Smith",  "GUARD"),
(408519,  "OKC", "Bismack", "Biyombo",  "CENTER"),
(408518,  "LAL", "Spencer", "Dinwiddie",  "GUARD"),
(408351,  "SAN", "Marcus", "Morris Sr.",  "FORWARD"),
(408350,  "POR", "Ashton", "Hagans",  "GUARD"),
(408349,  "POR", "Dalano", "Banton",  "FORWARD"),
(408348,  "MEM", "Chimezie", "Metu",  "FORWARD-CENTER"),
(408347,  "DAL", "P.J.", "Washington Jr.",  "FORWARD"),
(408346,  "CHA", "Grant", "Williams",  "FORWARD"),
(408345,  "CHA", "Seth", "Curry",  "GUARD"),
(408344,  "BKN", "Keita", "Bates-Diop",  "FORWARD"),
(408342,  "BOS", "Jaden", "Springer",  "GUARD"),
(408340,  "WAS", "Richaun", "Holmes",  "FORWARD"),
(408339,  "UTH", "Otto", "Porter Jr.",  "FORWARD"),
(408338,  "UTH", "Kira", "Lewis Jr.",  "GUARD"),
(408337,  "TOR", "Ochai", "Agbaji",  "GUARD"),
(408336,  "TOR", "Kelly", "Olynyk",  "FORWARD-CENTER"),
(408334,  "PHO", "David", "Roddy",  "FORWARD"),
(408333,  "PHO", "Royce", "O'Neale",  "FORWARD"),
(408332,  "PHI", "Cameron", "Payne",  "GUARD"),
(408331,  "PHI", "Buddy", "Hield",  "GUARD"),
(408330,  "OKC", "Gordon", "Hayward",  "FORWARD"),
(408329,  "NYK", "Bojan", "Bogdanovic",  "GUARD-FORWARD"),
(408328,  "MIL", "Patrick", "Beverley",  "GUARD"),
(408327,  "MEM", "Lamar", "Stevens",  "FORWARD"),
(408326,  "IND", "Furkan", "Korkmaz",  "GUARD-FORWARD"),
(408324,  "DET", "Quentin", "Grimes",  "GUARD"),
(408323,  "DET", "Evan", "Fournier",  "GUARD-FORWARD"),
(408322,  "DET", "Ryan", "Arcidiacono",  "GUARD"),
(408321,  "DET", "Malachi", "Flynn",  "GUARD"),
(408320,  "DET", "Danuel", "House Jr.",  "GUARD-FORWARD"),
(408319,  "DAL", "Daniel", "Gafford",  "FORWARD-CENTER"),
(408318,  "CHA", "Davis", "Bertans",  "FORWARD"),
(408317,  "CHA", "Vasilije", "Micic",  "GUARD"),
(408316,  "CHA", "Tre", "Mann",  "GUARD"),
(408315,  "BKN", "Dennis", "Schroder",  "GUARD"),
(408202,  "UTH", "Kevin", "Knox II",  "FORWARD"),
(408201,  "MIN", "Monte", "Morris",  "GUARD"),
(408200,  "DET", "Simone", "Fontecchio",  "FORWARD"),
(408199,  "DET", "Shake", "Milton",  "GUARD"),
(408198,  "DET", "Troy", "Brown Jr.",  "FORWARD"),
(408197,  "BOS", "Xavier", "Tillman Sr.",  "FORWARD-CENTER"),
(407763,  "MEM", "Victor", "Oladipo",  "GUARD"),
(407762,  "HOU", "Steven", "Adams",  "CENTER"),
(407274,  "MEM", "Trey", "Jemison",  "CENTER"),
(407273,  "MEM", "Tosan", "Evbuomwan",  "FORWARD"),
(406693,  "MIA", "Terry", "Rozier",  "GUARD"),
(406426,  "POR", "Taze", "Moore",  "GUARD"),
(406059,  "TOR", "Bruce", "Brown",  "GUARD-FORWARD"),
(406058,  "TOR", "Jordan", "Nwora",  "FORWARD"),
(406056,  "IND", "Pascal", "Siakam",  "FORWARD"),
(405855,  "WAS", "Marvin", "Bagley III",  "FORWARD-CENTER"),
(405854,  "WAS", "Isaiah", "Livers",  "FORWARD"),
(405853,  "DET", "Mike", "Muscala",  "FORWARD-CENTER"),
(405852,  "DET", "Danilo", "Gallinari",  "FORWARD"),
(402652,  "TOR", "Immanuel", "Quickley",  "GUARD"),
(402651,  "TOR", "RJ", "Barrett",  "GUARD-FORWARD"),
(402650,  "NYK", "OG", "Anunoby",  "GUARD-FORWARD"),
(402649,  "NYK", "Precious", "Achiuwa",  "FORWARD"),
(401566,  "PHO", "Theo", "Maledon",  "GUARD"),
(401519,  "SAC", "Juan", "Toscano-Anderson",  "FORWARD"),
(400821,  "TOR", "Jontay", "Porter",  "FORWARD-CENTER"),
(399893,  "MEM", "Jaylen", "Nowell",  "GUARD"),
(399392,  "LAC", "Daniel", "Theis",  "FORWARD-CENTER"),
(399066,  "POR", "Jamaree", "Bouyea",  "GUARD"),
(397873,  "SAC", "Filip", "Petrusev",  "CENTER"),
(397831,  "LAC", "Joshua", "Primo",  "GUARD"),
(397698,  "PHI", "Nicolas", "Batum",  "GUARD-FORWARD"),
(397696,  "PHI", "Kenyon", "Martin Jr.",  "FORWARD"),
(397695,  "LAC", "P.J.", "Tucker",  "FORWARD"),
(397694,  "LAC", "James", "Harden",  "GUARD"),
(397105,  "NYK", "Dylan", "Windler",  "GUARD-FORWARD"),
(397100,  "WAS", "John", "Butler Jr.",  "FORWARD"),
(397049,  "SAC", "Jake", "Stephens",  "CENTER"),
(397048,  "SAC", "Dane", "Goodwin",  "GUARD"),
(397047,  "POR", "Malachi", "Smith",  "GUARD"),
(397046,  "NOP", "Matt", "Ryan",  "FORWARD"),
(397045,  "MIL", "Kihei", "Clark",  "GUARD"),
(397044,  "BOS", "Nathan", "Knight",  "FORWARD-CENTER"),
(397043,  "ATL", "Jarkel", "Joiner",  "GUARD"),
(397019,  "POR", "Ish", "Wainright",  "FORWARD"),
(397017,  "WAS", "Gabe", "Kalscheur",  "GUARD"),
(397016,  "WAS", "Hamidou", "Diallo",  "GUARD"),
(397015,  "DET", "David", "Nwaba",  "GUARD-FORWARD"),
(397014,  "DET", "Nate", "Roberts",  "CENTER"),
(397013,  "DET", "Treveon", "Graham",  "GUARD-FORWARD"),
(397012,  "DET", "Ryan", "Turell",  "FORWARD"),
(396762,  "TOR", "Justise", "Winslow",  "GUARD-FORWARD"),
(396761,  "LAC", "Joey", "Hauser",  "FORWARD"),
(396613,  "NYK", "Mamadi", "Diakite",  "FORWARD"),
(396612,  "NYK", "Brandon", "Goodwin",  "GUARD"),
(396611,  "MIL", "Glenn", "Robinson III",  "FORWARD"),
(396610,  "LAL", "Quinndary", "Weatherspoon",  "GUARD"),
(396609,  "DAL", "Tony", "Bradley",  "FORWARD-CENTER"),
(396500,  "OKC", "Adam", "Flagler",  "GUARD"),
(396499,  "OKC", "Caleb", "McConnell",  "GUARD"),
(396498,  "MIN", "D.J.", "Carton",  "GUARD"),
(396497,  "DEN", "Bryce", "Wills",  "GUARD"),
(396496,  "BKN", "Kennedy", "Chandler",  "GUARD"),
(396495,  "BKN", "Patrick", "Gardner",  "CENTER"),
(396261,  "ORL", "Daeqwon", "Plowden",  "GUARD-FORWARD"),
(396260,  "OKC", "KJ", "Williams",  "FORWARD"),
(396259,  "OKC", "Hunter", "Maldonado",  "GUARD"),
(396168,  "IND", "Reid", "Travis",  "FORWARD"),
(396167,  "IND", "Kyle", "Mangas",  "GUARD"),
(396166,  "HOU", "Jeremiah", "Robinson-Earl",  "FORWARD"),
(396087,  "GSW", "Yuri", "Collins",  "GUARD"),
(396086,  "GSW", "Javonte", "Green",  "GUARD-FORWARD"),
(396052,  "MEM", "Jason", "Preston",  "GUARD"),
(396051,  "MEM", "Timmy", "Allen",  "FORWARD"),
(395972,  "DEN", "Amida", "Brimah",  "CENTER"),
(395971,  "DEN", "Jamorko", "Pickett",  "FORWARD"),
(395970,  "DEN", "Au'Diese", "Toney",  "GUARD"),
(395906,  "NOP", "Jalen", "Crutcher",  "GUARD"),
(395840,  "WAS", "Michael", "Foster Jr.",  "FORWARD"),
(395839,  "UTH", "Michael", "Devoe",  "GUARD"),
(395838,  "UTH", "Keshawn", "Justice",  "FORWARD"),
(395837,  "GSW", "Donovan", "Williams",  "GUARD"),
(395661,  "WAS", "Chase", "Audiege",  "GUARD"),
(395660,  "SAN", "Paul", "Watson",  "FORWARD"),
(395658,  "NOP", "Liam", "Robbins",  "FORWARD"),
(395657,  "NOP", "Tevian", "Jones",  "GUARD"),
(395584,  "UTH", "Taevion", "Kinsey",  "GUARD"),
(395583,  "UTH", "Nick", "Ongenda",  "CENTER"),
(395582,  "MIL", "Jazian", "Gortman",  "GUARD"),
(395473,  "LAL", "Vincent", "Valerio-Bodon",  "FORWARD"),
(395472,  "GSW", "Javan", "Johnson",  "FORWARD"),
(395414,  "NOP", "Landers", "Nolley II",  "GUARD"),
(395321,  "UTH", "Romeo", "Langford",  "GUARD-FORWARD"),
(395217,  "HOU", "Reggie", "Bullock",  "GUARD-FORWARD"),
(395190,  "LAL", "Damion", "Baugh",  "GUARD"),
(395182,  "POR", "Antoine", "Davis",  "GUARD"),
(395181,  "ORL", "D.J.", "Wilson",  "FORWARD"),
(395179,  "CHI", "Quenton", "Jackson",  "GUARD"),
(395178,  "CHI", "Max", "Heidegger",  "GUARD"),
(395144,  "TOR", "Makur", "Maker",  "CENTER"),
(395143,  "SAN", "Charles", "Bediako",  "CENTER"),
(395142,  "POR", "Malcolm", "Brogdon",  "GUARD"),
(395141,  "POR", "Robert", "Williams III",  "FORWARD-CENTER"),
(395139,  "BOS", "Jrue", "Holiday",  "GUARD"),
(395138,  "BOS", "Wenyen", "Gabriel",  "FORWARD"),
(395133,  "MEM", "Mychal", "Mulder",  "GUARD"),
(395086,  "TOR", "Mouhamadou", "Gueye",  "FORWARD"),
(395085,  "PHI", "Javonte", "Smart",  "GUARD"),
(395084,  "MIA", "Drew", "Peterson",  "GUARD"),
(395083,  "MIA", "Justin", "Champagnie",  "GUARD-FORWARD"),
(395082,  "MIA", "Alondes", "Williams",  "GUARD"),
(395081,  "IND", "Elfrid", "Payton",  "GUARD"),
(395080,  "HOU", "Matthew", "Mayer",  "FORWARD"),
(395079,  "HOU", "Nate", "Hinton",  "GUARD-FORWARD"),
(395078,  "GSW", "Kendric", "Davis",  "GUARD"),
(395077,  "DEN", "Armaan", "Franklin",  "GUARD"),
(395076,  "DEN", "Andrew", "Funk",  "GUARD"),
(395075,  "CHA", "Edmond", "Sumner",  "GUARD"),
(395074,  "CHA", "Nathan", "Mensah",  "CENTER"),
(395073,  "ATL", "Keaton", "Wallace",  "GUARD"),
(395067,  "TOR", "Darryl", "Morsell",  "GUARD"),
(395018,  "IND", "Jordan", "Bell",  "FORWARD-CENTER"),
(395011,  "SAN", "RaiQuan", "Gray",  "FORWARD"),
(395010,  "NOP", "Devin", "Cannady",  "GUARD"),
(394981,  "POR", "Deandre", "Ayton",  "CENTER"),
(394979,  "POR", "Toumani", "Camara",  "FORWARD"),
(394978,  "PHO", "Grayson", "Allen",  "GUARD"),
(394977,  "PHO", "Jusuf", "Nurkic",  "CENTER"),
(394976,  "PHO", "Nassir", "Little",  "GUARD-FORWARD"),
(394975,  "PHO", "Keon", "Johnson",  "GUARD"),
(394974,  "MIN", "Tyrese", "Martin",  "GUARD"),
(394973,  "MIL", "Damian", "Lillard",  "GUARD"),
(394972,  "MIA", "Cheick", "Diallo",  "FORWARD-CENTER"),
(394971,  "GSW", "Rudy", "Gay",  "GUARD-FORWARD"),
(394831,  "BKN", "Scottie", "Lindsey",  "GUARD"),
(394829,  "LAC", "Brodric", "Thomas",  "GUARD"),
(394828,  "GSW", "Rodney", "McGruder",  "GUARD"),
(394827,  "BKN", "Kyler", "Edwards",  "GUARD"),
(394759,  "MIN", "Trevor", "Keels",  "GUARD"),
(394758,  "GSW", "Usman", "Garuba",  "FORWARD"),
(394177,  "SAC", "Chance", "Comanche",  "CENTER"),
(393909,  "BKN", "Jordan", "Hall",  "GUARD"),
(393908,  "BKN", "Keifer", "Sykes",  "GUARD"),
(393257,  "PHI", "Kelly", "Oubre Jr.",  "GUARD-FORWARD"),
(392393,  "MIN", "Daishen", "Nix",  "GUARD"),
(391145,  "ORL", "Alex", "Morales",  "GUARD"),
(391144,  "MIN", "Vit", "Krejci",  "GUARD"),
(390810,  "CLE", "Pete", "Nance",  "FORWARD"),
(390809,  "CLE", "Justin", "Powell",  "GUARD"),
(390792,  "ORL", "Brandon", "Williams",  "GUARD"),
(390791,  "ORL", "Trevelin", "Queen",  "GUARD"),
(390691,  "CHI", "Henri", "Drell",  "FORWARD"),
(390586,  "POR", "Duop", "Reath",  "CENTER"),
(390561,  "POR", "George", "Conditt IV",  "FORWARD"),
(389967,  "PHI", "David", "Duke Jr.",  "GUARD"),
(389966,  "LAL", "Christian", "Wood",  "FORWARD"),
(389288,  "MIN", "Javonte", "Cooke",  "GUARD"),
(389154,  "SAC", "JaVale", "McGee",  "CENTER"),
(388767,  "BKN", "Harry", "Giles III",  "FORWARD-CENTER"),
(388459,  "BOS", "Svi", "Mykhailiuk",  "GUARD-FORWARD"),
(388209,  "MIL", "TyTy", "Washington Jr.",  "GUARD"),
(388208,  "LAL", "Alex", "Fudge",  "FORWARD"),
(387185,  "ORL", "Miye", "Oni",  "GUARD"),
(387184,  "ORL", "Mac", "McClung",  "GUARD"),
(386959,  "DAL", "Derrick", "Jones Jr.",  "FORWARD"),
(386261,  "IND", "Darius", "McGhee",  "GUARD"),
(386058,  "DAL", "Jordan", "Walker",  "GUARD"),
(385967,  "BOS", "DJ", "Steward",  "GUARD"),
(385191,  "DAL", "Joe", "Wieskamp",  "GUARD-FORWARD"),
(385190,  "DAL", "Greg", "Brown III",  "FORWARD"),
(384581,  "MIA", "Cole", "Swider",  "FORWARD"),
(384576,  "DEN", "Souley", "Boum",  "GUARD"),
(384565,  "CHA", "R.J.", "Hunter",  "GUARD"),
(384268,  "CHA", "Frank", "Ntilikina",  "GUARD"),
(384261,  "BKN", "Trendon", "Watford",  "FORWARD"),
(384116,  "NYK", "Obadiah", "Noel",  "GUARD"),
(384115,  "DAL", "Dexter", "Dennis",  "GUARD"),
(383911,  "HOU", "Jermaine", "Samuels Jr.",  "FORWARD"),
(383889,  "HOU", "Jeenathan", "Williams",  "GUARD"),
(383653,  "TOR", "Garrett", "Temple",  "GUARD-FORWARD"),
(382937,  "DET", "Zavier", "Simpson",  "GUARD"),
(382796,  "CHI", "Onuralp", "Bitim",  "GUARD"),
(382610,  "ATL", "Wesley", "Matthews",  "GUARD"),
(382423,  "CHA", "Leaky", "Black",  "FORWARD"),
(382347,  "SAC", "Nerlens", "Noel",  "FORWARD-CENTER"),
(382288,  "UTH", "Omer", "Yurtseven",  "CENTER"),
(382173,  "BKN", "Darius", "Bazley",  "FORWARD"),
(381711,  "MEM", "Isaiah", "Todd",  "FORWARD"),
(381569,  "MEM", "Josh", "Christopher",  "GUARD"),
(381568,  "GSW", "Dario", "Saric",  "FORWARD-CENTER"),
(381567,  "ATL", "Patty", "Mills",  "GUARD"),
(381313,  "SAC", "Chris", "Duarte",  "GUARD"),
(381312,  "HOU", "Aaron", "Holiday",  "GUARD"),
(381243,  "PHI", "Mo", "Bamba",  "CENTER"),
(381025,  "MIL", "Malik", "Beasley",  "GUARD"),
(381024,  "CHI", "Torrey", "Craig",  "FORWARD"),
(381018,  "GSW", "Cory", "Joseph",  "GUARD"),
(381017,  "DEN", "Justin", "Holiday",  "GUARD-FORWARD"),
(381016,  "BKN", "Lonnie", "Walker IV",  "GUARD"),
(380970,  "PHO", "Eric", "Gordon",  "GUARD"),
(380968,  "NOP", "Cody", "Zeller",  "CENTER"),
(380848,  "TOR", "Jalen", "McDaniels",  "FORWARD"),
(380847,  "OKC", "Jack", "White",  "FORWARD"),
(380846,  "NYK", "Donte", "DiVincenzo",  "GUARD"),
(380843,  "HOU", "Dillon", "Brooks",  "GUARD-FORWARD"),
(380842,  "HOU", "Jock", "Landale",  "CENTER"),
(380841,  "DAL", "Dante", "Exum",  "GUARD"),
(380839,  "BKN", "Dennis", "Smith Jr.",  "GUARD"),
(380753,  "SAN", "Cedi", "Osman",  "FORWARD"),
(380751,  "SAC", "Aleksandar", "Vezenkov",  "FORWARD"),
(380748,  "MIA", "Thomas", "Bryant",  "FORWARD-CENTER"),
(380747,  "LAL", "Jaxson", "Hayes",  "FORWARD-CENTER"),
(380746,  "IND", "Obi", "Toppin",  "FORWARD"),
(380745,  "CLE", "Max", "Strus",  "GUARD-FORWARD"),
(380740,  "PHO", "Yuta", "Watanabe",  "GUARD-FORWARD"),
(380739,  "MEM", "Derrick", "Rose",  "GUARD"),
(380738,  "LAL", "Cam", "Reddish",  "GUARD-FORWARD"),
(379463,  "PHO", "Drew", "Eubanks",  "FORWARD-CENTER"),
(379462,  "ORL", "Joe", "Ingles",  "GUARD-FORWARD"),
(379459,  "LAL", "Taurean", "Prince",  "FORWARD"),
(379458,  "LAL", "Gabe", "Vincent",  "GUARD"),
(379456,  "HOU", "Fred", "VanVleet",  "GUARD"),
(379455,  "DET", "Joe", "Harris",  "GUARD"),
(379454,  "CLE", "Georges", "Niang",  "FORWARD"),
(379453,  "CHI", "Jevon", "Carter",  "GUARD"),
(378932,  "UTH", "John", "Collins",  "FORWARD-CENTER"),
(378899,  "CHI", "Adama", "Sanogo",  "FORWARD"),
(378882,  "POR", "Scoot", "Henderson",  "GUARD"),
(378881,  "MIN", "Leonard", "Miller",  "FORWARD"),
(378880,  "MIA", "Caleb", "Daniels",  "GUARD"),
(378879,  "IND", "Mojave", "King",  "GUARD"),
(378878,  "GSW", "Trayce", "Jackson-Davis",  "FORWARD"),
(378868,  "WAS", "Tristan", "Vukcevic",  "CENTER"),
(378867,  "WAS", "Bilal", "Coulibaly",  "GUARD-FORWARD"),
(378863,  "UTH", "Keyonte", "George",  "GUARD"),
(378862,  "TOR", "Gradey", "Dick",  "GUARD-FORWARD"),
(378861,  "SAN", "Victor", "Wembanyama",  "FORWARD-CENTER"),
(378856,  "POR", "Kris", "Murray",  "FORWARD"),
(378852,  "ORL", "Anthony", "Black",  "GUARD"),
(378850,  "OKC", "Cason", "Wallace",  "GUARD"),
(378849,  "OKC", "Keyontae", "Johnson",  "FORWARD"),
(378848,  "NOP", "Jordan", "Hawkins",  "GUARD"),
(378843,  "MIA", "Jaime", "Jaquez",  "GUARD-FORWARD"),
(378842,  "MEM", "Tarik", "Biberovic",  "FORWARD"),
(378841,  "MEM", "Gregory", "Jackson",  "FORWARD"),
(378838,  "LAC", "Jordan", "Miller",  "FORWARD"),
(378832,  "HOU", "Amen", "Thompson",  "GUARD-FORWARD"),
(378831,  "HOU", "Cam", "Whitmore",  "FORWARD"),
(378830,  "GSW", "Brandin", "Podziemski",  "GUARD"),
(378829,  "DET", "Marcus", "Sasser",  "GUARD"),
(378828,  "DET", "Ausar", "Thompson",  "GUARD-FORWARD"),
(378826,  "DEN", "Julian", "Strawther",  "GUARD"),
(378822,  "DAL", "Dereck", "Lively",  "CENTER"),
(378820,  "CHI", "Julian", "Phillips",  "FORWARD"),
(378819,  "CHA", "Nick", "Smith",  "GUARD"),
(378818,  "CHA", "Brandon", "Miller",  "GUARD-FORWARD"),
(378816,  "CHA", "James", "Nnaji",  "CENTER"),
(378815,  "BKN", "Noah", "Clowney",  "FORWARD-CENTER"),
(378813,  "BKN", "Dariq", "Whitehead",  "GUARD-FORWARD"),
(378763,  "WAS", "Ryan", "Rollins",  "GUARD"),
(378762,  "WAS", "Jordan", "Poole",  "GUARD"),
(378760,  "GSW", "Chris", "Paul",  "GUARD"),
(378755,  "WAS", "Tyus", "Jones",  "GUARD"),
(378752,  "MEM", "Marcus", "Smart",  "GUARD"),
(378751,  "BOS", "Kristaps", "Porzingis",  "FORWARD-CENTER"),
(378477,  "WAS", "Landry", "Shamet",  "GUARD"),
(378476,  "PHO", "Bradley", "Beal",  "GUARD"),
(371558,  "NYK", "Isaiah", "Roby",  "FORWARD"),
(371422,  "POR", "Justin", "Minaya",  "FORWARD"),
(371262,  "POR", "Skylar", "Mays",  "GUARD"),
(371179,  "UTH", "Luka", "Samanic",  "FORWARD"),
(369825,  "WAS", "Xavier", "Cooks",  "FORWARD"),
(369789,  "SAN", "Sandro", "Mamukelashvili",  "FORWARD"),
(369661,  "CLE", "Sam", "Merrill",  "GUARD"),
(369577,  "NYK", "Duane", "Washington Jr.",  "GUARD"),
(369212,  "UTH", "Kris", "Dunn",  "GUARD"),
(369159,  "LAC", "Russell", "Westbrook",  "GUARD"),
(369118,  "MIA", "Kevin", "Love",  "FORWARD-CENTER"),
(369082,  "SAN", "Julian", "Champagnie",  "FORWARD"),
(368751,  "DEN", "Reggie", "Jackson",  "GUARD"),
(368648,  "ORL", "Goga", "Bitadze",  "FORWARD-CENTER"),
(368567,  "PHI", "Dewayne", "Dedmon",  "CENTER"),
(368452,  "ATL", "Saddiq", "Bey",  "GUARD-FORWARD"),
(368448,  "SAN", "Devonte", "Graham",  "GUARD"),
(368447,  "SAN", "Khem", "Birch",  "CENTER"),
(368446,  "POR", "Matisse", "Thybulle",  "GUARD-FORWARD"),
(368439,  "MEM", "Luke", "Kennard",  "GUARD-FORWARD"),
(368437,  "LAC", "Mason", "Plumlee",  "FORWARD-CENTER"),
(368436,  "LAC", "Bones", "Hyland",  "GUARD"),
(368432,  "DET", "James", "Wiseman",  "CENTER"),
(368353,  "ATL", "Garrison", "Mathews",  "GUARD"),
(368350,  "PHO", "Kevin", "Durant",  "FORWARD"),
(368349,  "MIL", "Jae", "Crowder",  "FORWARD"),
(368345,  "BKN", "Mikal", "Bridges",  "FORWARD"),
(368344,  "BKN", "Cameron", "Johnson",  "FORWARD"),
(368282,  "NYK", "Josh", "Hart",  "GUARD"),
(368281,  "MIN", "Nickeil", "Alexander-Walker",  "GUARD"),
(368280,  "MIN", "Mike", "Conley",  "GUARD"),
(368278,  "LAL", "Jarred", "Vanderbilt",  "FORWARD"),
(368092,  "DAL", "Kyrie", "Irving",  "GUARD"),
(368091,  "DAL", "Markieff", "Morris",  "FORWARD"),
(368090,  "BKN", "Dorian", "Finney-Smith",  "FORWARD"),
(367264,  "SAC", "Deonte", "Burton",  "GUARD-FORWARD"),
(366475,  "LAL", "Rui", "Hachimura",  "FORWARD"),
(359798,  "PHI", "Louis", "King",  "FORWARD"),
(359796,  "DAL", "A.J.", "Lawson",  "GUARD"),
(324339,  "SAN", "Charles", "Bassey",  "CENTER"),
(323723,  "OKC", "Isaiah", "Joe",  "GUARD"),
(323722,  "MIL", "Elijah", "Hughes",  "GUARD"),
(323142,  "SAC", "Jordan", "Ford",  "GUARD"),
(323093,  "PHO", "Saben", "Lee",  "GUARD"),
(322315,  "BOS", "Blake", "Griffin",  "FORWARD"),
(322302,  "MIA", "Jamal", "Cain",  "FORWARD"),
(322073,  "WAS", "Devon", "Dotson",  "GUARD"),
(321899,  "DET", "Stanley", "Umude",  "GUARD"),
(321883,  "MEM", "Jacob", "Gilyard",  "GUARD"),
(319180,  "MIL", "Marques", "Bolden",  "CENTER"),
(319132,  "CLE", "Sharife", "Cooper",  "GUARD"),
(319126,  "UTH", "Micah", "Potter",  "CENTER"),
(318289,  "IND", "James", "Johnson",  "FORWARD"),
(316403,  "NYK", "DaQuan", "Jeffries",  "GUARD-FORWARD"),
(316116,  "NOP", "Izaiah", "Brockington",  "GUARD"),
(314777,  "PHI", "Montrezl", "Harrell",  "FORWARD-CENTER"),
(313214,  "UTH", "Collin", "Sexton",  "GUARD"),
(313213,  "UTH", "Lauri", "Markkanen",  "FORWARD-CENTER"),
(313211,  "CLE", "Donovan", "Mitchell",  "GUARD"),
(311215,  "WAS", "Taj", "Gibson",  "FORWARD"),
(311212,  "UTH", "Talen", "Horton-Tucker",  "GUARD"),
(311207,  "TOR", "Jeff", "Dowtin Jr.",  "GUARD"),
(311195,  "PHO", "Josh", "Okogie",  "GUARD"),
(311189,  "ORL", "Kevon", "Harris",  "GUARD"),
(311168,  "DET", "Buddy", "Boeheim",  "FORWARD"),
(311158,  "CHI", "Carlik", "Jones",  "GUARD"),
(311154,  "BOS", "Mfiondu", "Kabengele",  "CENTER"),
(311148,  "ATL", "Chris", "Silva",  "FORWARD"),
(298272,  "UTH", "Walker", "Kessler",  "CENTER"),
(298270,  "SAC", "Kevin", "Huerter",  "GUARD-FORWARD"),
(298269,  "MIN", "Rudy", "Gobert",  "CENTER"),
(298264,  "IND", "Aaron", "Nesmith",  "GUARD-FORWARD"),
(298151,  "WAS", "Delon", "Wright",  "GUARD"),
(298150,  "SAC", "Malik", "Monk",  "GUARD"),
(298146,  "NYK", "Jalen", "Brunson",  "GUARD"),
(298145,  "NYK", "Isaiah", "Hartenstein",  "FORWARD-CENTER"),
(298144,  "MIN", "Kyle", "Anderson",  "FORWARD"),
(298138,  "DEN", "DeAndre", "Jordan",  "CENTER"),
(298137,  "CHI", "Andre", "Drummond",  "CENTER"),
(298129,  "ATL", "Dejounte", "Murray",  "GUARD"),
(298117,  "DET", "Alec", "Burks",  "GUARD"),
(298115,  "DEN", "Kentavious", "Caldwell-Pope",  "GUARD"),
(298084,  "TOR", "Christian", "Koloko",  "CENTER"),
(298083,  "POR", "Jabari", "Walker",  "FORWARD"),
(298082,  "POR", "Shaedon", "Sharpe",  "GUARD"),
(298081,  "ORL", "Caleb", "Houstan",  "GUARD"),
(298079,  "OKC", "Jaylin", "Williams",  "FORWARD"),
(298075,  "NOP", "Dyson", "Daniels",  "GUARD"),
(298074,  "MIN", "Josh", "Minott",  "FORWARD"),
(298072,  "MIL", "MarJon", "Beauchamp",  "FORWARD"),
(298070,  "MIA", "Nikola", "Jovic",  "FORWARD"),
(298068,  "MEM", "Vince", "Williams",  "GUARD-FORWARD"),
(298067,  "LAL", "Max", "Christie",  "GUARD"),
(298066,  "LAC", "Moussa", "Diabate",  "FORWARD"),
(298065,  "IND", "Kendall", "Brown",  "GUARD"),
(298064,  "IND", "Andrew", "Nembhard",  "GUARD-FORWARD"),
(298063,  "GSW", "Gui", "Santos",  "FORWARD"),
(298060,  "DEN", "Peyton", "Watson",  "GUARD"),
(298058,  "DAL", "Jaden", "Hardy",  "GUARD"),
(298054,  "CHA", "Bryce", "McGowens",  "GUARD"),
(298053,  "BOS", "JD", "Davison",  "GUARD"),
(298046,  "SAN", "Malaki", "Branham",  "GUARD"),
(298045,  "SAN", "Jeremy", "Sochan",  "FORWARD"),
(298044,  "SAN", "Blake", "Wesley",  "GUARD"),
(298043,  "SAC", "Keegan", "Murray",  "FORWARD"),
(298042,  "ORL", "Paolo", "Banchero",  "FORWARD"),
(298041,  "OKC", "Chet", "Holmgren",  "FORWARD-CENTER"),
(298039,  "OKC", "Jalen", "Williams",  "GUARD-FORWARD"),
(298037,  "MIN", "Wendell", "Moore",  "GUARD"),
(298035,  "MEM", "Jake", "LaRavia",  "FORWARD"),
(298033,  "IND", "Bennedict", "Mathurin",  "GUARD-FORWARD"),
(298032,  "HOU", "Tari", "Eason",  "FORWARD"),
(298030,  "HOU", "Jabari", "Smith",  "FORWARD"),
(298028,  "DET", "Jaden", "Ivey",  "GUARD"),
(298027,  "DET", "Jalen", "Duren",  "CENTER"),
(298026,  "DEN", "Christian", "Braun",  "GUARD"),
(298024,  "CHI", "Dalen", "Terry",  "FORWARD"),
(298023,  "CHA", "Mark", "Williams",  "CENTER"),
(298022,  "ATL", "AJ", "Griffin",  "FORWARD"),
(296914,  "SAC", "Keon", "Ellis",  "GUARD"),
(296912,  "NOP", "Dereon", "Seabron",  "GUARD"),
(296908,  "MIA", "Orlando", "Robinson",  "CENTER"),
(296904,  "MEM", "Kenneth", "Lofton Jr.",  "FORWARD-CENTER"),
(296897,  "CHI", "Justin", "Lewis",  "FORWARD"),
(296892,  "UTH", "Johnny", "Juzang",  "GUARD"),
(296891,  "TOR", "Ron", "Harper Jr.",  "FORWARD"),
(295674,  "PHI", "De'Anthony", "Melton",  "GUARD"),
(295642,  "POR", "Jerami", "Grant",  "FORWARD"),
(291490,  "HOU", "Boban", "Marjanovic",  "CENTER"),
(288995,  "SAC", "Trey", "Lyles",  "FORWARD"),
(288989,  "OKC", "Lindy", "Waters III",  "FORWARD"),
(288985,  "IND", "Jalen", "Smith",  "FORWARD-CENTER"),
(288977,  "BKN", "Ben", "Simmons",  "GUARD-FORWARD"),
(288975,  "BOS", "Derrick", "White",  "GUARD"),
(288787,  "SAC", "Domantas", "Sabonis",  "CENTER"),
(288781,  "NOP", "CJ", "McCollum",  "GUARD"),
(288780,  "NOP", "Larry", "Nance Jr.",  "FORWARD"),
(288776,  "IND", "Tyrese", "Haliburton",  "GUARD"),
(288766,  "CLE", "Caris", "LeVert",  "GUARD"),
(288665,  "LAC", "Norman", "Powell",  "GUARD"),
(288664,  "LAC", "Robert", "Covington",  "FORWARD"),
(288135,  "MEM", "Shaquille", "Harrison",  "GUARD"),
(287992,  "MIL", "Lindell", "Wigginton",  "GUARD"),
(287289,  "MIA", "Haywood", "Highsmith",  "FORWARD"),
(287099,  "LAC", "Xavier", "Moon",  "GUARD"),
(277271,  "PHO", "Ishmail", "Wainright",  "FORWARD"),
(276885,  "MEM", "Matthew", "Hurt",  "FORWARD"),
(274746,  "TOR", "Scottie", "Barnes",  "GUARD-FORWARD"),
(274743,  "SAN", "Zach", "Collins",  "FORWARD-CENTER"),
(274742,  "SAN", "Doug", "McDermott",  "FORWARD"),
(274738,  "SAC", "Neemias", "Queta",  "CENTER"),
(274737,  "SAC", "Davion", "Mitchell",  "GUARD"),
(274718,  "ORL", "Jalen", "Suggs",  "GUARD"),
(274717,  "ORL", "Franz", "Wagner",  "FORWARD"),
(274714,  "OKC", "Aaron", "Wiggins",  "GUARD"),
(274710,  "OKC", "Josh", "Giddey",  "GUARD"),
(274702,  "NOP", "Jonas", "Valanciunas",  "CENTER"),
(274699,  "NOP", "Jose", "Alvarado",  "GUARD"),
(274698,  "NOP", "Malcolm", "Hill",  "FORWARD"),
(274697,  "NOP", "Herbert", "Jones",  "GUARD-FORWARD"),
(274694,  "NOP", "Trey", "Murphy III",  "GUARD-FORWARD"),
(274678,  "MIA", "Dru", "Smith",  "GUARD"),
(274675,  "MIA", "Caleb", "Martin",  "FORWARD"),
(274662,  "LAL", "Austin", "Reaves",  "GUARD"),
(274643,  "IND", "Isaiah", "Jackson",  "FORWARD"),
(274641,  "HOU", "Jalen", "Green",  "GUARD"),
(274638,  "HOU", "Alperen", "Sengun",  "CENTER"),
(274634,  "GSW", "Jonathan", "Kuminga",  "FORWARD"),
(274632,  "GSW", "Moses", "Moody",  "GUARD"),
(274623,  "DET", "Cade", "Cunningham",  "GUARD"),
(274611,  "CLE", "Evan", "Mobley",  "CENTER"),
(274610,  "CLE", "Ricky", "Rubio",  "GUARD"),
(274604,  "CHI", "Ayo", "Dosunmu",  "GUARD"),
(274601,  "CHI", "Alex", "Caruso",  "GUARD"),
(274598,  "CHI", "DeMar", "DeRozan",  "GUARD-FORWARD"),
(274588,  "CHA", "James", "Bouknight",  "GUARD"),
(274587,  "CHA", "JT", "Thor",  "FORWARD"),
(274584,  "CHA", "Kai", "Jones",  "FORWARD-CENTER"),
(274583,  "CHA", "Ish", "Smith",  "GUARD"),
(274575,  "BOS", "Sam", "Hauser",  "FORWARD"),
(258980,  "WAS", "Corey", "Kispert",  "FORWARD"),
(258973,  "NYK", "Jericho", "Sims",  "CENTER"),
(258972,  "NYK", "Miles", "McBride",  "GUARD"),
(258970,  "MEM", "Santi", "Aldama",  "FORWARD"),
(258969,  "MEM", "Ziaire", "Williams",  "GUARD-FORWARD"),
(258963,  "BKN", "Cameron", "Thomas",  "GUARD"),
(258960,  "BKN", "Day'Ron", "Sharpe",  "CENTER"),
(258959,  "ATL", "Jalen", "Johnson",  "FORWARD"),
(258894,  "WAS", "Kyle", "Kuzma",  "FORWARD"),
(257425,  "ORL", "Admiral", "Schofield",  "FORWARD"),
(257308,  "ORL", "Moritz", "Wagner",  "FORWARD-CENTER"),
(256910,  "GSW", "Gary", "Payton II",  "GUARD"),
(256649,  "TOR", "Gary", "Trent Jr.",  "GUARD"),
(256628,  "BOS", "Luke", "Kornet",  "FORWARD-CENTER"),
(256616,  "ORL", "Wendell", "Carter Jr.",  "FORWARD-CENTER"),
(256615,  "ORL", "Gary", "Harris",  "GUARD"),
(256612,  "DEN", "Aaron", "Gordon",  "FORWARD"),
(256609,  "CHI", "Nikola", "Vucevic",  "CENTER"),
(255670,  "HOU", "Kevin", "Porter Jr.",  "GUARD-FORWARD"),
(255517,  "CLE", "Jarrett", "Allen",  "CENTER"),
(253994,  "WAS", "Deni", "Avdija",  "FORWARD"),
(253978,  "SAN", "Devin", "Vassell",  "GUARD"),
(253976,  "SAN", "Tre", "Jones",  "GUARD"),
(253954,  "PHI", "Paul", "Reed",  "FORWARD"),
(253951,  "PHI", "Tyrese", "Maxey",  "GUARD"),
(253949,  "PHI", "Danny", "Green",  "GUARD"),
(253941,  "ORL", "Cole", "Anthony",  "GUARD"),
(253931,  "OKC", "Kenrich", "Williams",  "GUARD-FORWARD"),
(253905,  "NOP", "Naji", "Marshall",  "FORWARD"),
(253902,  "NOP", "Willy", "Hernangomez",  "FORWARD-CENTER"),
(253900,  "MIN", "Anthony", "Edwards",  "GUARD"),
(253896,  "MIN", "Jaden", "McDaniels",  "FORWARD"),
(253883,  "MIL", "Bobby", "Portis Jr.",  "FORWARD"),
(253872,  "MEM", "Xavier", "Tillman",  "FORWARD-CENTER"),
(253871,  "MEM", "Desmond", "Bane",  "GUARD"),
(253839,  "HOU", "Jae'Sean", "Tate",  "FORWARD"),
(253828,  "DET", "Killian", "Hayes",  "GUARD"),
(253824,  "DET", "Isaiah", "Stewart",  "FORWARD-CENTER"),
(253816,  "DEN", "Zeke", "Nnaji",  "FORWARD-CENTER"),
(253809,  "DAL", "Josh", "Green",  "GUARD"),
(253802,  "CLE", "Isaac", "Okoro",  "GUARD-FORWARD"),
(253793,  "CHI", "Patrick", "Williams",  "FORWARD"),
(253790,  "CHA", "LaMelo", "Ball",  "GUARD"),
(253788,  "CHA", "Nick", "Richards",  "CENTER"),
(253773,  "BOS", "Payton", "Pritchard",  "GUARD"),
(253771,  "ATL", "Bogdan", "Bogdanovic",  "GUARD"),
(253768,  "ATL", "Onyeka", "Okongwu",  "FORWARD-CENTER"),
(240642,  "HOU", "Jeff", "Green",  "FORWARD"),
(240541,  "GSW", "Andrew", "Wiggins",  "FORWARD"),
(240516,  "ATL", "Clint", "Capela",  "CENTER"),
(239934,  "UTH", "Jordan", "Clarkson",  "GUARD"),
(235231,  "CHA", "Kobi", "Simmons",  "GUARD"),
(233448,  "NYK", "RJ", "Barrett Jr.",  "GUARD-FORWARD"),
(233447,  "NYK", "Julius", "Randle",  "FORWARD-CENTER"),
(233436,  "NOP", "Brandon", "Ingram",  "FORWARD"),
(233435,  "NOP", "Zion", "Williamson",  "FORWARD"),
(233427,  "MIN", "Jordan", "McLaughlin",  "GUARD"),
(233424,  "MIN", "Naz", "Reid",  "CENTER"),
(233414,  "MIA", "Tyler", "Herro",  "GUARD"),
(233408,  "MIA", "Jimmy", "Butler III",  "FORWARD"),
(233399,  "MEM", "Ja", "Morant",  "GUARD"),
(233398,  "MEM", "John", "Konchar",  "GUARD-FORWARD"),
(233373,  "CLE", "Dean", "Wade",  "FORWARD-CENTER"),
(233372,  "CLE", "Darius", "Garland",  "GUARD"),
(233362,  "CHI", "Coby", "White",  "GUARD"),
(233352,  "CHA", "Cody", "Martin",  "GUARD-FORWARD"),
(233351,  "CHA", "P.J.", "Washington",  "FORWARD"),
(233339,  "ATL", "De'Andre", "Hunter",  "GUARD-FORWARD"),
(233327,  "LAL", "Anthony", "Davis Jr.",  "FORWARD-CENTER"),
(233291,  "POR", "Moses", "Brown",  "CENTER"),
(233275,  "OKC", "Shai", "Gilgeous-Alexander",  "GUARD"),
(233268,  "OKC", "Luguentz", "Dort",  "GUARD"),
(233267,  "MIL", "Robin", "Lopez",  "CENTER"),
(233256,  "LAC", "Paul", "George",  "FORWARD"),
(233255,  "LAC", "Kawhi", "Leonard",  "FORWARD"),
(233254,  "LAC", "Amir", "Coffey",  "GUARD-FORWARD"),
(233246,  "IND", "T.J.", "McConnell Jr.",  "GUARD"),
(223188,  "SAN", "Keldon", "Johnson",  "GUARD-FORWARD"),
(223181,  "ORL", "Chuma", "Okeke",  "FORWARD"),
(223177,  "LAC", "Terance", "Mann",  "GUARD-FORWARD"),
(223157,  "BKN", "Nicolas", "Claxton",  "CENTER"),
(222508,  "ORL", "Michael", "Carter-Williams",  "GUARD"),
(212454,  "ORL", "Markelle", "Fultz",  "GUARD"),
(212443,  "LAC", "Ivica", "Zubac",  "CENTER"),
(212285,  "SAC", "Harrison", "Barnes",  "FORWARD"),
(212111,  "PHI", "Tobias", "Harris",  "FORWARD"),
(210648,  "DAL", "Tim", "Hardaway Jr.",  "GUARD-FORWARD"),
(192983,  "MIA", "Duncan", "Robinson",  "FORWARD"),
(188740,  "MIL", "Pat", "Connaughton",  "GUARD"),
(187302,  "TOR", "Chris", "Boucher",  "FORWARD"),
(179958,  "MIL", "Brook", "Lopez",  "CENTER"),
(179926,  "LAL", "LeBron", "James",  "FORWARD"),
(177793,  "NYK", "Mitchell", "Robinson",  "FORWARD-CENTER"),
(177772,  "BOS", "Robert", "Williams",  "FORWARD-CENTER"),
(177766,  "POR", "Anfernee", "Simons",  "GUARD"),
(177758,  "MEM", "Jaren", "Jackson Jr.",  "FORWARD-CENTER"),
(177753,  "DEN", "Michael", "Porter Jr.",  "FORWARD"),
(177752,  "DAL", "Luka", "Doncic",  "GUARD-FORWARD"),
(177748,  "CHA", "Miles", "Bridges",  "FORWARD"),
(177746,  "ATL", "Trae", "Young",  "GUARD"),
(159799,  "DAL", "Maxi", "Kleber",  "FORWARD"),
(157876,  "SAC", "De'Aaron", "Fox",  "GUARD"),
(157872,  "ORL", "Jonathan", "Isaac",  "FORWARD"),
(157866,  "MIA", "Bam", "Adebayo",  "FORWARD-CENTER"),
(157858,  "CHI", "Zach", "LaVine",  "GUARD"),
(157854,  "BOS", "Jayson", "Tatum",  "GUARD-FORWARD"),
(147690,  "BOS", "Al", "Horford",  "FORWARD-CENTER"),
(147507,  "SAC", "Skal", "Labissiere",  "FORWARD-CENTER"),
(147467,  "TOR", "Jakob", "Poeltl",  "CENTER"),
(147452,  "DEN", "Jamal", "Murray",  "GUARD"),
(147447,  "BOS", "Jaylen", "Brown",  "GUARD-FORWARD"),
(123294,  "MIA", "Josh", "Richardson",  "GUARD"),
(123286,  "GSW", "Kevon", "Looney",  "FORWARD-CENTER"),
(123244,  "PHO", "Devin", "Booker",  "GUARD"),
(123238,  "MIN", "Karl-Anthony", "Towns",  "FORWARD-CENTER"),
(123234,  "LAL", "D'Angelo", "Russell",  "GUARD"),
(123233,  "IND", "Myles", "Turner",  "FORWARD-CENTER"),
(105476,  "DAL", "Dwight", "Powell",  "FORWARD-CENTER"),
(67087,  "PHI", "Joel", "Embiid",  "FORWARD-CENTER"),
(67062,  "DEN", "Nikola", "Jokic",  "CENTER"),
(43925,  "MIL", "Giannis", "Antetokounmpo",  "FORWARD"),
(43923,  "MIL", "Khris", "Middleton",  "FORWARD"),
(43811,  "GSW", "Draymond", "Green",  "FORWARD"),
(43808,  "GSW", "Klay", "Thompson",  "GUARD"),
(43806,  "GSW", "Stephen", "Curry",  "GUARD"),
(43744,  "CLE", "Tristan", "Thompson",  "FORWARD");

INSERT INTO game (game_id, team_a_id, team_b_id, game_date) VALUES
(1, 'GSW', 'LAL', timestamp('2024-02-20 19:30:00')),
(2, 'BOS', 'NYK', timestamp('2024-02-21 20:00:00')),
(3, 'MIA', 'CHI', timestamp('2024-02-22 18:45:00')),
(4, 'CLE', 'TOR', timestamp('2024-02-23 19:00:00')),
(5, 'PHI', 'DAL', timestamp('2024-02-24 20:30:00'));


INSERT INTO prop (prop_id, player_id, game_id, prop_category, prop_line, prop_line_original, prop_last_modified) VALUES
(101, 408635, 1, 'POINTS', 24.5, 24.5, timestamp('2024-02-20 12:00:00')),
(102, 408619, 2, 'REBOUNDS', 8.5, 8.5, timestamp('2024-02-21 13:00:00')),
(103, 408589, 3, 'ASSISTS', 7.0, 7.0, timestamp('2024-02-22 14:00:00')),
(104, 408520, 4, 'POINTS', 18.5, 18.5, timestamp('2024-02-23 15:00:00')),
(105, 408519, 5, 'REBOUNDS', 10.0, 10.0, timestamp('2024-02-24 16:00:00')),
(106, 408518, 1, 'ASSISTS', 5.5, 5.5, timestamp('2024-02-20 17:00:00')),
(107, 408351, 2, 'POINTS', 22.0, 22.0, timestamp('2024-02-21 18:00:00')),
(108, 408350, 3, 'REBOUNDS', 6.5, 6.5, timestamp('2024-02-22 19:00:00')),
(109, 408349, 4, 'ASSISTS', 9.0, 9.0, timestamp('2024-02-23 20:00:00')),
(110, 408348, 5, 'POINTS', 20.0, 20.0, timestamp('2024-02-24 21:00:00'));